<application>
  <component name="AndroidLogcatFilterHistory">
    <option name="nonFavorites">
      <list>
        <option value="package:mine " />
        <option value="package:mine  " />
        <option value="package:mine performClick " />
        <option value="package:mine ChatFragment" />
        <option value="package:mine performClick" />
        <option value="package:mine level:error " />
        <option value="package:mine error" />
        <option value="package:mine" />
        <option value="package:mine test_mark" />
        <option value="package:mine test_service" />
        <option value="package:mine test_path" />
        <option value="package:mine test_im_" />
        <option value="package:mine test_base" />
        <option value="package:mine test_im" />
        <option value="package:mine level:error 201" />
        <option value="package:mine test" />
        <option value="package:mine test_" />
        <option value="package:mine test_im_list" />
        <option value="package:mine test_im_text_length" />
        <option value="package:mine test_im_sen" />
      </list>
    </option>
  </component>
</application>