<application>
  <component name="AndroidLogcatFilterHistory">
    <option name="nonFavorites">
      <list>
        <option value="package:mine " />
        <option value="package:mine test" />
        <option value="package:mine test_im" />
        <option value="package:mine test_" />
        <option value="package:mine testt" />
        <option value="package:mine null" />
        <option value="package:mine 成功" />
        <option value="package:mine result" />
        <option value="package:mine ==on" />
        <option value="package:mine im" />
        <option value="package:mine ui" />
        <option value="package:mine size" />
        <option value="package:mine update" />
        <option value="package:mine test_mark" />
        <option value="package:mine activity" />
        <option value="package:mine maoweiyi" />
        <option value="package:mine uid" />
        <option value="package:mine level:error pending" />
        <option value="package:mine level:error " />
        <option value="package:mine mdid" />
      </list>
    </option>
  </component>
</application>