<application>
  <component name="AndroidLogcatFilterHistory">
    <option name="mostRecentlyUsed" value="package:mine downLoadFile" />
    <option name="nonFavorites">
      <list>
        <option value="package:mine downLoadFile" />
        <option value="package:mine " />
        <option value="package:mine file_num" />
        <option value="package:mine mark" />
        <option value="package:mine 视频文件" />
        <option value="package:mine video_path" />
        <option value="package:mine index" />
        <option value="package:mine actions" />
        <option value="package:mine download_url" />
        <option value="package:mine loadActionJson" />
        <option value="package:mine finish_info" />
        <option value="package:mine finish" />
      </list>
    </option>
  </component>
</application>