<keymap version="1" name="VSCode (macOS) copy" parent="VSCode OSX">
  <action id="ActivateProblemsViewToolWindow" />
  <action id="Back">
    <keyboard-shortcut first-keystroke="meta alt left" />
  </action>
  <action id="ChooseRunConfiguration" />
  <action id="CloseProject">
    <keyboard-shortcut first-keystroke="meta k" second-keystroke="f" />
  </action>
  <action id="Forward">
    <keyboard-shortcut first-keystroke="meta alt right" />
  </action>
  <action id="HideActiveWindow">
    <keyboard-shortcut first-keystroke="shift meta e" />
  </action>
  <action id="NextTab">
    <keyboard-shortcut first-keystroke="shift meta close_bracket" />
  </action>
  <action id="PreviousTab">
    <keyboard-shortcut first-keystroke="shift meta open_bracket" />
  </action>
  <action id="Rerun" />
  <action id="RerunFailedTests" />
  <action id="UsageView.Rerun" />
  <action id="android.deploy.ApplyChanges">
    <keyboard-shortcut first-keystroke="ctrl meta e" />
  </action>
  <action id="android.deploy.CodeSwap">
    <keyboard-shortcut first-keystroke="shift ctrl meta e" />
  </action>
  <action id="android.device.sleep" />
</keymap>